Account,Text,Date,Compound,Positive,Neutral,Negative
@BBC,Seven charts that explain the plastic pollution problem. ? https://t.co/lunEPtp1f1 https://t.co/T4zi0jF6zO,12/11/17,-0.402,0.0,0.769,0.231
@BBC,"?? @Nigella_Lawson decamps to the countryside for her cosiest Christmas yet, against a backdrop of crackling log fi… https://t.co/fwrCQbIE3o",12/11/17,0.0,0.0,1.0,0.0
@BBC,??? Care home residents across the UK are decorating their walking frames as part of a project called #PimpMyZimmer… https://t.co/VDZz3ly5oG,12/11/17,0.494,0.151,0.849,0.0
@BBC,"In the last 50,000 years, around 101 billion people have lived &amp; died on planet Earth. So what will we do with all… https://t.co/NpeQCCauhP",12/11/17,-0.557,0.0,0.865,0.135
@BBC,"You might have listened to these songs for years, but do you actually know the lyrics to some on the most well-know… https://t.co/Y0B4avJabB",12/11/17,0.0,0.0,1.0,0.0
@BBC,A fictional short story called 'Cat Person' is being shared widely online as social media users discuss how much it… https://t.co/pPfEO5gQHQ,12/11/17,0.34,0.112,0.888,0.0
@BBC,"This amateur pianist amazed passers-by in Manchester with his dance music renditions. ?
Via @BBC5Live. https://t.co/tifSk25A6X",12/11/17,0.494,0.186,0.814,0.0
@BBC,"RT @BBCRadio4: Exclusive first preview of the magical Anansi Boys. A little taste of our new @neilhimself drama, coming to you this Christm…",12/11/17,0.128,0.067,0.933,0.0
@BBC,"RT @TWBBC: Keith Chegwin, who has died aged 60, demonstrating the latest in baby feeding technology on the 1987 Tomorrow's World Christmas…",12/11/17,-0.557,0.0,0.854,0.146
@BBC,'To infinity and beyond!' ? ? ? Toy Story is available on @BBCiPlayer now.  https://t.co/Nh0nXJd0Pc https://t.co/QngQwVmWzG,12/11/17,0.0,0.0,1.0,0.0
@BBC,RT @bbcwritersroom: The Miniaturist begins on @BBCOne on Boxing Day. We spoke to #screenwriter @JohnBrownlow about how he met the challenge…,12/11/17,0.0,0.0,1.0,0.0
@BBC,"RT @bbcmusic: ""I’ve poured my heart into my music""
@SelenaGomez popped into @R1Breakfast this morning ?
? https://t.co/hnFjtHhpRW https://t…",12/11/17,0.0,0.0,1.0,0.0
@BBC,"RT @CBeebiesHQ: Ready for an early Christmas present? ?

A week filled with NEW Bedtime Stories! ??

Starts tonight with @FloellaBenjamin a…",12/11/17,0.42,0.128,0.872,0.0
@BBC,The nominations for the 75th annual Golden Globe Awards have been announced. Here's the full shortlist. ?… https://t.co/HxpWgQgbI9,12/11/17,0.459,0.15,0.85,0.0
@BBC,Christopher Plummer has been nominated for a Golden Globe for the role in which he replaced Kevin Spacey.… https://t.co/wEaNVH6tcB,12/11/17,0.0,0.0,1.0,0.0
@BBC,"Scotland, looking so beautiful under a blanket of ice. ?
Via @BBCScotland. https://t.co/CHUXsO10hF",12/11/17,0.718,0.333,0.667,0.0
@BBC,RT @bbcthree: Someone in the UK watched Bee Movie 357 times on Netflix in 2017 https://t.co/5ovfKX1TIa https://t.co/E8vAQlaEMF,12/11/17,0.0,0.0,1.0,0.0
@BBC,? @CalvinHarris is under pressure to remix the Spice Girls classic 2 become 1 after saying he'd do it if same-sex m… https://t.co/vm73kheGdN,12/11/17,-0.296,0.0,0.896,0.104
@BBC,"RT @bbcmusic: Watch an exclusive performance of @U2's classic 'All I Want Is You' now on @BBCiPlayer
U2 At The BBC: coming to @BBCOne 19/12…",12/11/17,0.202,0.113,0.887,0.0
@BBC,"RT @bbcthree: ""THIS IS WHAT HAPPENS WHEN YOU CHUCK YOUR PLASTIC BAGS IN THE SEA"" 

@kuruptfm on #BluePlanet2. https://t.co/Icp7ZM6lxC",12/11/17,0.0,0.0,1.0,0.0
@BBC,"Veteran TV presenter Keith Chegwin has died aged 60 after a long illness, his family says. ???… https://t.co/BIjMIDsjGF",12/11/17,-0.743,0.0,0.704,0.296
@BBC,RT @BBCNews: TV's Keith Chegwin dies aged 60 https://t.co/F3rRCKMpGA,12/11/17,0.0,0.0,1.0,0.0
@BBC,"More than 1/4 of mothers have had their parenting skills criticised by their own parents, &amp; 14% by strangers.… https://t.co/VO2IUn3fuy",12/11/17,-0.421,0.0,0.872,0.128
@BBC,"From bird-eating fish to the Bobbit worm, here are some of the (many, many) times that #BluePlanet2 blew our minds.… https://t.co/saTflTmI4n",12/11/17,0.0,0.0,1.0,0.0
@BBC,"RT @BBCR1: ? This year, to save me from tears
I'll give it to someone special ?

@RitaOra just kicked off our week of Christmas Live Lounge…",12/11/17,0.612,0.198,0.738,0.064
@BBC,Why the lion is art's most enduring symbol. ?? https://t.co/0xtVFKWy37 https://t.co/FjX1YTK8fH,12/11/17,0.0,0.0,1.0,0.0
@BBC,Ever wondered who you'd be if you were in the Star Wars universe (you definitely have)? Here's your chance to find… https://t.co/C47rTXyEJJ,12/11/17,0.026,0.172,0.696,0.132
@BBC,The defect that causes the neurodegenerative disease Huntington's has been corrected in patients for the first time… https://t.co/1WD70ilzab,12/11/17,-0.34,0.0,0.876,0.124
@BBC,'We keep it well fed with liquid fertiliser as feeding it on its natural diet might prove a bit problematic.' ??… https://t.co/0zuDEVwnOd,12/11/17,0.557,0.195,0.805,0.0
@BBC,"It's time to change our plastic bottle behaviour. #BluePlanet2 
Via @BBC5Live https://t.co/kSzSawpYLv",12/11/17,0.0,0.0,1.0,0.0
@BBC,"RT @BBCOne: “Give nature just that chance and it’ll come back.” 
Listen to the inspiring interview with Sir David Attenborough in full on t…",12/11/17,0.586,0.179,0.821,0.0
@BBC,"RT @BBCRadio4: ? ""You might hear a single pine needle drop.""
We asked Maxine Peake to read our Christmas poem.
#ListenToChristmas https://t…",12/11/17,0.0,0.0,1.0,0.0
@BBC,"RT @bbcmusic: The amazing @RitaOra joins @BBCR1 for a festive Live Lounge today ?
Listen live from 12pm: https://t.co/G6HAvsCVbm https://t.…",12/11/17,0.778,0.298,0.702,0.0
@BBC,"RT @BBCSpringwatch: How can we sustainably use our fish stocks to make sure there is enough for everyone?
#BluePlanet2 #OurBluePlanet https…",12/11/17,0.318,0.103,0.897,0.0
@BBC,"RT @BBCTwo: Two of the most dangerous men in #PeakyBlinders.

In the same room.

At the same time. 

Here's an EXCLUSIVE look at the moment…",12/11/17,-0.287,0.078,0.803,0.119
@BBC,???? Some brrrr-illiant cold snap snaps from the recent snowfall in the UK. ? https://t.co/AGS3V858KT https://t.co/xJmRwUlZlx,12/11/17,0.0,0.0,1.0,0.0
@BBC,"Britain has a new tallest mountain! ???
Mount Hope, sited in the part of the Antarctic claimed by the UK, is more t… https://t.co/KTFGAAB0cU",12/11/17,0.493,0.127,0.873,0.0
@BBC,?? Instagram has announced their decision to ban the use of certain hashtags to help prevent dangerous animal touri… https://t.co/qQmDDRHbYu,12/11/17,-0.421,0.214,0.543,0.243
@BBC,How do you re-create Buckingham Palace? @BBCClick sat down with #TheCrown's visual effects supervisor to find out.… https://t.co/LukVoPSKHm,12/11/17,0.0,0.0,1.0,0.0
@BBC,Unseen for 1000 years: how one man unearthed an astonishing collection of ancient Viking plunder. ?… https://t.co/qb2rmMTsx1,12/11/17,0.0,0.0,1.0,0.0
@BBC,Charles took up sprinting at 95 and became a world champion! ??? Via @BBCStories. https://t.co/9yprG6XcSa,12/11/17,0.636,0.244,0.756,0.0
@BBC,"A town in Northern Ireland has the fastest runners in the UK, according to data collected by a fitness app. ??… https://t.co/KjaNDPPwVS",12/11/17,0.273,0.1,0.9,0.0
@BBC,"RT @BBCOne: SO. MUCH. CUTE. ?
#AttenboroughandtheGiantElephant https://t.co/4UyVvh6qBm",12/10/17,0.692,0.44,0.56,0.0
@BBC,RT @BBCEarth: 'Never before have we had such an awareness of what we are doing to the planet and never before have we had the power to do s…,12/10/17,0.0,0.0,1.0,0.0
@BBC,"?@DuaLipa performing 'Homesick' was a completely stunning way to end this series of #SLFN. ?
Watch in full ?… https://t.co/LgMlMfnv7F",12/10/17,0.439,0.145,0.855,0.0
@BBC,"RT @BBCEarth: 'What shocks me ...is how fast things are changing here. We’re headed into uncharted territory' - @expeditionlog
#BluePlanet2…",12/10/17,-0.382,0.0,0.874,0.126
@BBC,"RT @BBCOne: If we don’t act, coral reefs could be gone by the end of this century. ? #BluePlanet2 https://t.co/OdOSKBtz0S",12/10/17,0.0,0.0,1.0,0.0
@BBC,"RT @BBCEarth: In 1986, many nations decided to end commercial whaling, and fishermen are now reporting pods of whales with numbers never se…",12/10/17,0.0,0.0,1.0,0.0
@BBC,"Little things can make a big difference.
#BluePlanet2 via @BBCEarth https://t.co/hyzwA06cNw",12/10/17,0.0,0.0,1.0,0.0
@BBC,"RT @BBCSpringwatch: Manmade materials are destroying #OurBluePlanet - this is how
#BluePlanet2 
https://t.co/sEccQzjv1r https://t.co/7ZmDOz…",12/10/17,-0.557,0.0,0.769,0.231
@BBC,"RT @BBCEarth: It’s estimated that tens of millions of sharks are killed each year from getting trapped in fishing nets
#BluePlanet2 https:/…",12/10/17,-0.836,0.0,0.717,0.283
@BBC,RT @BBCOne: These are *all* items regurgitated by birds. ? #BluePlanet2 https://t.co/WyFtZHjKjx,12/10/17,0.0,0.0,1.0,0.0
@BBC,"RT @BBCOne: Our rubbish, our responsibility. ? #BluePlanet2 

Find out more about what you can do to help: https://t.co/LiA3x5I2gk. https:/…",12/10/17,0.402,0.13,0.87,0.0
@BBC,Eight delightful dolphin photos that'll inspire you to help clean up our oceans. #BluePlanet2 ????… https://t.co/PP5l7QrqFP,12/10/17,0.917,0.518,0.482,0.0
@BBC,"RT @BBCEarth: ‘We’re only now beginning to realise what an impact noise is having on the inhabitants of the ocean’ – David Attenborough
#Bl…",12/10/17,0.0,0.0,1.0,0.0
@BBC,"RT @BBCOne: ""The oceans are under threat now as never ever before in human history."" - Sir David Attenborough. #BluePlanet2 https://t.co/yn…",12/10/17,-0.527,0.0,0.848,0.152
@BBC,"RT @BBCEarth: The countdown is on! The final episode of #BluePlanet2: Our Blue Planet starts 8pm GMT on @BBCOne, BBC Earth Nordics &amp; @BBCEa…",12/10/17,0.0,0.0,1.0,0.0
@BBC,"RT @BBCSpringwatch: Seven British conservation heroes you should know about - this lot deserve endless ????
#BluePlanet2 #OurBluePlanet 
ht…",12/10/17,0.511,0.163,0.837,0.0
@BBC,"'Good luck, little leatherback' - Sir David Attenborough ?

#BluePlanet2 | 8PM | @BBCOne https://t.co/vMliWBZFBE",12/10/17,0.71,0.396,0.604,0.0
@BBC,"'There's a huge bomb up there. I'm 76% sure. It's not like the penguin hostage situation.' ??
#ScotSquad via… https://t.co/x8I92iMImk",12/10/17,-0.18,0.185,0.602,0.213
@BBC,Miles of cable and thousands of twinkling bulbs have been used to create the longest festive tunnel of light in Eur… https://t.co/C22wpljo2u,12/10/17,0.625,0.203,0.797,0.0
@BBC,"Tonight, David Attenborough investigates the remarkable story of Jumbo the elephant. Attenborough and the Giant Ele… https://t.co/4NK1B5ZNwr",12/10/17,0.557,0.184,0.816,0.0
@BBC,"98-year-old Mary wins Christmas, and our hearts. ????
Via @BBCLookNorth. https://t.co/4gOl16THuM",12/10/17,0.572,0.27,0.73,0.0
@BBC,RT @BBCTwo: Who wants a Sneaky Peak at the next episode of #PeakyBlinders? ? https://t.co/tzCB83ceSS,12/10/17,-0.226,0.0,0.863,0.137
@BBC,"RT @bbcstories: ""I think people my age think that death is something to be scared of but I think it's like being free and at peace"" - Meet…",12/10/17,0.876,0.329,0.555,0.116
@BBC,? How to deal with mental health issues in the family. https://t.co/48BOLabkXK https://t.co/7Eh3EjYywg,12/10/17,0.0,0.0,1.0,0.0
@BBC,This 12-year-old has created a cheap way to test lead levels in water using a mobile phone app. ??Via @BBCClick. https://t.co/TWqttOHJX3,12/10/17,0.25,0.1,0.9,0.0
@BBC,?? We've been listening for signs of life from other worlds for decades with little success. But what should we do… https://t.co/e3IETfS8cs,12/10/17,0.528,0.14,0.86,0.0
@BBC,Thousands of internet users have come together to buy this stunning castle... although it does need a little TLC. ?… https://t.co/qhkNd4HyM5,12/10/17,0.459,0.136,0.864,0.0
@BBC,"That was unexpected. ?

Michael McIntyre's Big Show via @BBCOne. https://t.co/2QUZXppIbQ",12/10/17,0.0,0.0,1.0,0.0
@BBC,#SkiSunday is back! ?? Join the team in Val D'Isere for the men's slalom. 5:15pm on @BBCTwo. https://t.co/mPdHEuxHOX https://t.co/w3pqO1lCn6,12/10/17,0.359,0.122,0.878,0.0
@BBC,"? @DanTDM has been named the highest-earning YouTuber of 2017 - making £12.3m this year, according to @Forbes magaz… https://t.co/yVEcwct3Es",12/10/17,0.0,0.0,1.0,0.0
@BBC,"Rebel Wilson reenacts her Pitch Perfect audition and it’s slap-tastic.

The Graham Norton Show | @BBCOne https://t.co/TYszXcf9ZH",12/10/17,0.477,0.192,0.725,0.083
@BBC,The BBC has made the 1930s issues of the complete Radio Times magazines available online for the first time. ? Chec… https://t.co/aeK8TTggDW,12/10/17,0.0,0.0,1.0,0.0
@BBC,"From Dark, to the return of The Crown &amp; a #DoctorWho Christmas special, here are the TV shows worth watching in Dec… https://t.co/4qq2MlpONj",12/10/17,0.557,0.187,0.813,0.0
@BBC,"RT @bbcthree: In 2011 BBC Three made a documentary about a boy who defied his bullies. 

Now #EverybodysTalkingAboutJamie again. https://t.…",12/10/17,0.0,0.0,1.0,0.0
@BBC,"'There's ignorance about employment law &amp; people don't want to hear complaints.'
Classical music has a sexual haras… https://t.co/PpdlbV0Gck",12/10/17,-0.406,0.0,0.811,0.189
@BBC,"'Their birthdays are never easy.' 
Hannah is one of thousands of mums living with PTSD from experiencing traumatic… https://t.co/lPMW5VXHfa",12/10/17,0.0,0.0,1.0,0.0
@BBC,"How do you make puppets fall in love? ????
Puppeteers reveal their techniques. https://t.co/GPNqLrFZit https://t.co/HfB09Yw8ek",12/10/17,0.637,0.231,0.769,0.0
@BBC,"RT @CBeebiesHQ: He's the disco dancing, geography guide with the moves! ?

@BBCStrictly doesn't know what's hit it! ?

#GoJetters?

#Strict…",12/10/17,0.0,0.0,1.0,0.0
@BBC,"RT @BBCBreakfast: A clairvoyant cat? ? Or a turtle in the know??
Animals in Russia are predicting the outcome of @FIFAWorldCup 2018 https:/…",12/10/17,0.0,0.0,1.0,0.0
@BBC,RT @BBCOne: David Attenborough uncovers the story of Jumbo – a celebrity animal superstar who is said to have inspired the movie Dumbo. Ton…,12/10/17,0.494,0.132,0.868,0.0
@BBC,Watch @ScottishBallet's incredible interpretations of Stravinsky. https://t.co/NGZuhnKutW https://t.co/vUOkoaJ7mc,12/10/17,0.0,0.0,1.0,0.0
@BBC,? @Time magazine has named 'the Silence Breakers' - women who spoke out against sexual abuse &amp; harassment - as its… https://t.co/roSq8US4Ev,12/10/17,-0.827,0.0,0.688,0.312
@BBC,RT @BBCWthrWatchers: Some great pics of #UKsnow sent in by the early risers! https://t.co/b9Of6bvvIz,12/10/17,0.659,0.253,0.747,0.0
@BBC,"RT @BBCR1: ? BIG FESTIVE NEWS ?

We've invited some of your favourite stars to take over Radio 1 on Christmas Day!

Get ready for Superstar…",12/10/17,0.76,0.237,0.763,0.0
@BBC,"RT @BBCEarth: These orca just want a meal, but they could be risking their lives. ?#BluePlanet2 https://t.co/JeLlETfohs",12/10/17,-0.421,0.064,0.773,0.163
@BBC,"'Whilst I appreciate the lovely people slowing down, if you see somebody with a guide dog, just drive on. Ziggy's g… https://t.co/CeH3p8geLq",12/10/17,0.758,0.265,0.735,0.0
@BBC,"‘Why won’t he let me leave?!'
The #BluePlanet2 team had a rather unexpected visitor while filming in the Galapagos.… https://t.co/vvBS7WorXO",12/10/17,0.0,0.0,1.0,0.0
@BBC,"The Greek concept of philoxenia, which translates as ‘love of strangers’, is a warmth that makes foreigners feel im… https://t.co/O3BzC7lUp3",12/10/17,0.459,0.143,0.857,0.0
@BBC,"A study of nearly 12,000 children in the UK found 25% were overweight or obese at age seven, rising to 35% at 11.… https://t.co/41qA60xnUd",12/10/17,-0.361,0.0,0.898,0.102
@BBC,"GET EXCITED!! ?????
@Camila_Cabello has set the release date of her debut album Camila for 12 January.… https://t.co/gRtJVD7FEh",12/09/17,0.574,0.179,0.821,0.0
@BBC,"Have we got five eight-year-olds robbing houses? No! We've got two bams with triplets. ?
#ScotSquad via… https://t.co/HUsw0CjaoY",12/09/17,-0.359,0.0,0.865,0.135
@BBC,"The history of condoms stretches back around 3,000 years – but they still offer the best protection against STIs.… https://t.co/shw3Jn5og1",12/09/17,0.778,0.244,0.756,0.0
@BBC,"Sexually frivolous and morally ambiguous. 
Meet pro wrestling’s pansexual phenomenon...????????
Via @BBC5Live. https://t.co/2Asruxhnv8",12/09/17,0.0,0.0,1.0,0.0
@BBC,"RT @BBCWthrWatchers: Ok, so #snow can be a pain ...but wow ? 
We're all feeling just a little more festive after your great efforts today!…",12/09/17,0.891,0.436,0.468,0.096
@BBC,"RT @bbcthree: YOU'VE BEEN LIVING A LIE.
https://t.co/YUCx48Mv0o",12/09/17,0.0,0.0,1.0,0.0
@BBC,"RT @bbcstories: Do our young men lack positive role models? Davis thought so, so he founded The Manhood Academy. #EverydayHeroes https://t.…",12/09/17,0.318,0.145,0.763,0.092
@BBC,"RT @BBCEarth: In Cape Verde, @ProjetoBioSal is on a mission to save baby turtles from human impact. ?
#OurBluePlanet w/ @AluciaProd https:/…",12/09/17,0.494,0.144,0.856,0.0
@BBC,"RT @BBCSpringwatch: Brrr, a chilly one tonight!
Luckily we've some gorgeous grey seals in our advent calendar to warm to cockles of your he…",12/09/17,0.866,0.36,0.64,0.0
@CBS,The search is on to find the pro football player with the best off-the-field talent! Vote for your favorite perform… https://t.co/musmVXrRJz,12/11/17,0.883,0.364,0.636,0.0
@CBS,RT @MadamSecretary: No D.C. holiday party is complete without some political persuasion and a covert sting to bust a corrupt senator. ??? S…,12/11/17,0.494,0.211,0.703,0.086
@CBS,"Due to NFL overrun, CBS is delayed 8 mins in the following ET &amp; CT markets: Hunstville, AL, Bowling Green, KY, MS,… https://t.co/gbwhgooEQd",12/11/17,-0.226,0.0,0.917,0.083
@CBS,"Due to NFL overrun CBS is delayed 7 mins in the following ET &amp; CT markets Tampa, Chicago, Maryland, Michigan, Wash… https://t.co/driVgCiX7D",12/11/17,-0.226,0.0,0.913,0.087
@CBS,"RT @NoActivityCBS: If you want the intel, you get the tickles. ? Stream the first 5 episodes of #NoActivity now: https://t.co/Wzq9bVOhGN ht…",12/10/17,0.077,0.064,0.936,0.0
@CBS,RT @startrekcbs: .@albinokid and @wcruz73 are breaking new ground in #StarTrekDiscovery. ???? Stream chapter 1 on CBS All Access: https://t…,12/10/17,0.0,0.0,1.0,0.0
@CBS,Don’t miss America’s Game! Stream the Army-Navy game LIVE today at 3PM ET with a FREE trial of #CBSAllAccess:… https://t.co/38udnQj2vs,12/09/17,0.575,0.189,0.742,0.07
@CBS,"There's still time before we have to say so long! Catch up with Carol Burnett, her original castmates and special g… https://t.co/WTiK8dzaXO",12/09/17,0.648,0.209,0.791,0.0
@CBS,RT @bigbangtheory: It's the biggest best friend breakup of the year... ? Stream the latest full episode of #BigBangTheory: https://t.co/iIw…,12/08/17,0.813,0.303,0.697,0.0
@CBS,"RT @AmazingRaceCBS: Presenting... the 30th cast of the #AmazingRace! Made up of champions and winners, this is quite literally the most com…",12/07/17,0.778,0.254,0.746,0.0
@CBS,Do you know all the nominees for Song Of The Year? Get familiar with this year's GRAMMY® Award nominees ahead of Mu… https://t.co/I6hhOtfQjb,12/07/17,0.542,0.137,0.863,0.0
@CBS,"A new Twilight Zone original series is coming exclusively to CBS All Access in association with @JordanPeele,… https://t.co/fVYnhUASee",12/06/17,0.318,0.126,0.874,0.0
@CBS,RT @SuperiorDonuts: You'll want to check this box! ?? Stream the latest episode of #SuperiorDonuts: https://t.co/h1xhKLCAPl https://t.co/d8…,12/05/17,0.151,0.09,0.91,0.0
@CBS,RT @YoungSheldon: Wondering what it's like behind the scenes of #YoungSheldon? Let star @OfficialRaeganR take you on a tour of the set! htt…,12/05/17,0.42,0.117,0.883,0.0
@CBS,The Kennedy Center Honors recognizes the lifetime contributions of all types of performance artists. Watch the 40th… https://t.co/azF3rW2ptw,12/05/17,0.511,0.163,0.837,0.0
@CBS,RT @YoungSheldon: There's something @elonmusk never told you about @spacex's Falcon 9. ?  #YoungSheldon https://t.co/bu3W0IC8zN,12/05/17,0.0,0.0,1.0,0.0
@CBS,"Just like old times, Carol Burnett bumps up the lights and answers questions from the audience. Catch up on The Car… https://t.co/9r7WI8d1tZ",12/04/17,0.361,0.106,0.894,0.0
@CBS,Star comedian @JimCarrey gets emotional when he expresses his heartfelt thanks to Carol Burnett for her positive in… https://t.co/5QCejBcg5T,12/04/17,0.922,0.504,0.496,0.0
@CBS,Take a trip down memory lane with Carol Burnett for a special tribute you'll never forget. Catch up on The Carol Bu… https://t.co/XBINDav614,12/04/17,0.521,0.187,0.813,0.0
@CBS,"RT @JLawlorNY: So, ok...maybe I'm crying at at the #CarolBurnett50 finale with everyone singing her theme song! #ImSoGladWeHadThisTimeToget…",12/04/17,-0.566,0.0,0.823,0.177
@CBS,RT @junerenee: A true classic and favorite!! Love #CarolBurnett50 laughed and cried...just like before!,12/04/17,0.947,0.672,0.328,0.0
@CBS,RT if you’ve loved reliving these classic moments during #CarolBurnett50 https://t.co/I1tIWeSlsQ,12/04/17,0.599,0.281,0.719,0.0
@CBS,RT @Mom101: I can't tell you the joy of seeing my 10yo laughing at this. Especially the Tim Conway dentist sketch.  #CarolBurnett50,12/04/17,0.791,0.269,0.731,0.0
@CBS,"RT @AdeleAndMike: Thank You for bringing back such wonderful memories, the entire family would gather to watch, and we would then laugh abo…",12/04/17,0.869,0.329,0.671,0.0
@CBS,RT @tessab13: The Siamese Elephants skit on the Carol Burnett show is such a classic and possibly my favorite. Loved Tim Conway! #CarolBurn…,12/04/17,0.802,0.264,0.736,0.0
@CBS,RT @inezpanebianco: @OfficialBPeters and Carol Burnett reminiscing back on the carol burnett show is my idea of a perfect night ?? #CarolBu…,12/04/17,0.572,0.156,0.844,0.0
@CBS,"What a performance by @OfficialBPeters, @KChenoweth, Carol Burnett, Steve Lawrence, and @StephenAtHome!… https://t.co/DqewQ6ASQp",12/04/17,0.0,0.0,1.0,0.0
@CBS,RT @jonjeffryes: Bob Mackie created 65 costumes a week for The Carol Burnett Show #CarolBurnett50,12/04/17,0.25,0.133,0.867,0.0
@CBS,RT @bmayberry92: Steve Carell with that video submission though! ? #carolburnett50,12/04/17,0.0,0.0,1.0,0.0
@CBS,She’s still got it! #CarolBurnett50 https://t.co/zTxZc5zrqP,12/04/17,0.0,0.0,1.0,0.0
@CBS,RT @BobMackie: Our friend Tim Conway never failed to make us laugh #CarolBurnett50,12/04/17,0.859,0.487,0.513,0.0
@CBS,RT @bpeters99: #CarolBurnett50  Am I the Only one with tears in my eyes while I give a standing ovation from my couch? One of the most bril…,12/04/17,-0.226,0.0,0.924,0.076
@CBS,RT @SuperJen1117: This show is awesome...Some of the funniest women together on one stage ???? #CarolBurnett50,12/04/17,0.557,0.194,0.806,0.0
@CBS,These two are just like sisters ?? #CarolBurnett50 https://t.co/EPpyf2kOuV,12/04/17,0.361,0.238,0.762,0.0
@CBS,RT @chattie: Watching #carolburnett50  can’t quit smiling. Brings me memories of watching on Saturday nights with my mom and grandma.,12/04/17,0.459,0.136,0.864,0.0
@CBS,RT @DanRocks98: Settling in for the #CarolBurnett50 special. This lady is comedy gold! A true staple of my childhood.,12/04/17,0.807,0.356,0.644,0.0
@CBS,She’s back! Tune in now to see The Carol Burnett 50th Anniversary Special on CBS and CBS All Access. #CarolBurnett50 https://t.co/HhvRmT5AR0,12/04/17,0.457,0.13,0.87,0.0
@CBS,"Due to #NFL football overrun #CBS is delayed 11 min in: 
Atlanta 
Baltimore 
Columbus
Cleveland 
Toledo
Detroit
Fli… https://t.co/oCkn11yJOR",12/04/17,-0.226,0.0,0.905,0.095
@CBS,Relive the laughter and the magic in this star-studded tribute to everyone's favorite classic comedy show. Don't mi… https://t.co/WV6jxBnRAt,12/03/17,0.827,0.352,0.648,0.0
@CBS,"Tonight, spend an evening together with Carol Burnett and celebrity friends as they celebrate The Carol Burnett 50t… https://t.co/uH2uM9cJFS",12/03/17,0.778,0.286,0.714,0.0
@CBS,Carol Burnett credits the close-knit cast for the success of her show. Join her and original cast members Vicki Law… https://t.co/1rlNPUS5EJ,12/03/17,0.866,0.386,0.614,0.0
@CBS,Carol Burnett and friends reflect on how the show became an instant classic that's still celebrated today! Join the… https://t.co/lZgVz9XSyM,12/03/17,0.852,0.353,0.647,0.0
@CBS,"Tonight, celebrate with Carol Burnett, Vicki Lawrence, Lyle Waggoner &amp; more special guests! Find out how to watch T… https://t.co/Rhm6RJ34u2",12/03/17,0.79,0.28,0.72,0.0
@CBS,Stream Indiana at Michigan LIVE today at 12:30PM ET with a 1-month FREE trial of #CBSAllAccess. Just use promo code… https://t.co/xRem3zSyEQ,12/02/17,0.617,0.175,0.825,0.0
@CBS,Kristin Chenoweth (@KChenoweth) explains why audiences still crave Carol Burnett! Don't miss The Carol Burnett 50th… https://t.co/kM92NTtTfs,12/02/17,0.187,0.098,0.902,0.0
@CBS,"Catch up on this amazing lineup of music specials! Here's how to watch Bruno Mars: 24K Magic Live at the Apollo, Th… https://t.co/Jit2CzZJCY",12/02/17,0.7,0.179,0.821,0.0
@CBS,Missed Bruno Mars: 24K Magic Live at the Apollo? Keep up! Watch the full show: https://t.co/itXpGB5gRm #BrunoMars https://t.co/8yyQlC1LML,12/02/17,-0.359,0.0,0.872,0.128
@CBS,Reminisce with these classic photos and get ready to relive the magic when The Carol Burnett 50th Anniversary Speci… https://t.co/yJQEzCjoSA,12/01/17,0.361,0.116,0.884,0.0
@CBS,"RT @LivinBiblically: In the beginning, there was Chip. And lo! Chip had a revelation. #LivingBiblically is a new comedy premiering Monday,…",12/01/17,0.42,0.134,0.866,0.0
@CBS,"Discover these pro football stars' off-the-field talents in MVP: Most Valuable Performer, airing Jan 25 on CBS! Fin… https://t.co/g8jSRW8mQf",12/01/17,0.771,0.282,0.718,0.0
@CBS,"Find out when #BigBrother celebrity edition, #AmazingRace, #Survivor, new drama @instinctcbs and new comedy… https://t.co/4Psl74zcCB",12/01/17,0.0,0.0,1.0,0.0
@CBS,Actress @BethBehrs explains why Carol Burnett is her hero! Celebrate her lasting influence with The Carol Burnett 5… https://t.co/Lnt5P9jEu0,12/01/17,0.822,0.309,0.691,0.0
@CBS,"RT @instinctcbs: New drama #Instinct, starring @Alancumming, premieres Sunday, March 11 on @CBS! https://t.co/aaL0JXpqav",12/01/17,0.0,0.0,1.0,0.0
@CBS,"RT @AmazingRaceCBS: On your marks... #AmazingRace returns Wednesday, January 3! https://t.co/XMSJSUymUZ",12/01/17,0.0,0.0,1.0,0.0
@CBS,RT @CBSBigBrother: Mark. Your. Calendars. The celebrity edition of #BigBrother premieres February 7! https://t.co/nP3Do6jTwM,12/01/17,0.0,0.0,1.0,0.0
@CBS,The Angels await you... catch up on the world's most celebrated fashion show now! Watch the full 2017… https://t.co/xfYDbEzpfX,12/01/17,0.689,0.251,0.749,0.0
@CBS,"Comedy stars Amy Poehler, Bill Hader, @MayaRudolph &amp; @TraceeEllisRoss give the legendary Tarzan yell a try- but no… https://t.co/lrrHE2f9Nv",12/01/17,0.19,0.093,0.907,0.0
@CBS,Action-adventure series 'Blood &amp; Treasure' has been picked up for broadcast in Summer 2019: https://t.co/gAjqbF5bYh https://t.co/3cTBH9AKFI,12/01/17,0.296,0.128,0.872,0.0
@CBS,Carol Burnett visited @TheTalkCBS to discuss how she got her start in show business! Watch The Carol Burnett 50th A… https://t.co/EyqmFWZHEC,11/30/17,0.0,0.0,1.0,0.0
@CBS,"The world's most beloved fairy tales are reimagined as a dark &amp; twisted psychological thriller in ""Tell Me A Story,… https://t.co/CytIswrRj1",11/30/17,0.612,0.227,0.773,0.0
@CBS,RT @RansomCBS: #Ransom star @luke_j_roberts on set in Budapest for Season 2! https://t.co/rgC5ylqSMp,11/30/17,0.0,0.0,1.0,0.0
@CBS,Comic @JayLeno reflects on the major impression Carol Burnett left on him. Celebrate The Carol Burnett 50th Anniver… https://t.co/PIakndHJt1,11/30/17,0.681,0.248,0.752,0.0
@CBS,"Watch #BrunoMars perform ""That's What I Like"" in Bruno Mars: 24K Magic Live at the Apollo: https://t.co/hAFcB9HpE3 https://t.co/I7ZWHdDYCP",11/30/17,0.361,0.135,0.865,0.0
@CBS,"Watch #BrunoMars perform ""24K Magic"" in Bruno Mars: 24K Magic Live at the Apollo: https://t.co/UgD4fC5cS6 https://t.co/iTGKJSbjwY",11/30/17,0.0,0.0,1.0,0.0
@CBS,Missed Bruno Mars: 24K Magic Live at the Apollo Theater? Keep up! Watch the full show: https://t.co/itXpGB5gRm… https://t.co/nkRMIUd2Df,11/30/17,-0.359,0.0,0.872,0.128
@CBS,RT @CWatkinsTV: That. Was. Amazing! #BrunoMars,11/30/17,0.624,0.45,0.55,0.0
@CBS,The stage is ?? #BrunoMars https://t.co/nykrDH46Bs,11/30/17,0.0,0.0,1.0,0.0
@CBS,RT @anitakearney65: I could watch this all night #Brunomars #BrunosTvSpecial so much fun to watch OMG,11/30/17,0.554,0.204,0.796,0.0
@CBS,Everybody put your hands up! #BrunoMars https://t.co/jU7NyttAqv,11/30/17,0.0,0.0,1.0,0.0
@CBS,RT @Sara_nurse: My 2yr old niece heard @BrunoMars and is now up singing and dancing #BrunosTVSpecial #BrunoMars,11/30/17,0.0,0.0,1.0,0.0
@CBS,"RT @AllieNY86: His voice is mesmerizing 
#BrunoMars",11/30/17,0.0,0.0,1.0,0.0
@CBS,RT @BrunoMars: We love you MARY!!!! ?? #BrunosTvSpecial,11/30/17,0.748,0.434,0.566,0.0
@CBS,RT @RDMichelleLNK: Loving a dose of #BrunoMars midweek. So amazing!,11/30/17,0.851,0.542,0.458,0.0
@CBS,We’re only halfway into the show. Get ready for more of your favorite #BrunoMars tunes! https://t.co/BJh0PeX864,11/30/17,0.723,0.302,0.698,0.0
@CBS,"When #BrunoMars tells you to pick up the phone, that’s exactly what you do. https://t.co/JZDS26h3lL",11/30/17,0.0,0.0,1.0,0.0
@CBS,RT @MargoSlade: Best way to relax after a hard day of work watching #BrunoMars on #BrunosTVSpecial my heart is the happiest,11/30/17,0.898,0.394,0.557,0.049
@CBS,RT @Tiffany48184: Now that's how you open up a show!!!!! #BrunoMars,11/30/17,0.0,0.0,1.0,0.0
@CBS,RT if you’re ready to party with #BrunoMars!! https://t.co/o4qQoKOzgH,11/30/17,0.699,0.452,0.548,0.0
@CBS,RT @BrunoMars: POP POP!!?? everyone tweet #BrunosTvSpecial! We on!!!! ?,11/30/17,0.0,0.0,1.0,0.0
@CBS,RT @Queentassia14: Bruno Mars Live at the Apollo!!!! Yeah I have to wake up at like 4 am for work.... but it's worth it. #BrunoMars #Brunos…,11/30/17,0.707,0.246,0.754,0.0
@CBS,RT @asbstar30: BRUNO #BrunoMars,11/30/17,0.0,0.0,1.0,0.0
@CBS,"Get on your feet, and prepare to dance. #BrunoMars is hitting the stage! https://t.co/yOyq8JlMZj",11/30/17,0.0,0.0,1.0,0.0
@CBS,"Pop pop, it's showtime! Bruno Mars: 24K Magic Live at the Apollo starts at 10/9c on CBS, or try 1 month FREE of CBS… https://t.co/cpCSYDKieM",11/30/17,0.651,0.158,0.842,0.0
@CBS,Calling all Bruno Mars' lovelies... don't miss Bruno Mars: 24K Magic Live at the Apollo tonight @ 10/9c on CBS &amp; CB… https://t.co/nGOgukLMx9,11/30/17,0.114,0.064,0.936,0.0
@CBS,You'll treasure this special night with #BrunoMars! Find out how to watch Bruno Mars: 24K Magic Live at the Apollo… https://t.co/qF2eRcJLSJ,11/29/17,0.682,0.228,0.772,0.0
@CBS,RT @BrunoMars: Ladies put your hoops on tonight! Fellas break out that good cologne! #BrunosTvSpecial is airing on @CBS! What y’all trynna…,11/29/17,0.583,0.152,0.848,0.0
@CBS,RT @YoungSheldon: Sheldon will do whatever it takes to get his hands on his own computer in tomorrow's all-new episode of #YoungSheldon! ht…,11/29/17,0.0,0.0,1.0,0.0
@CBS,RT @survivorcbs: What drama will ensue on back-to-back episodes of #Survivor tonight? Watch a sneak peek now: https://t.co/LHcxyClSw1 https…,11/29/17,0.0,0.0,1.0,0.0
@CBS,Discover every reason why #BrunoMars is 24K Magic! Watch Bruno Mars: 24K Magic Live at the Apollo tonight @ 10/9c o… https://t.co/oaPjvl3rSW,11/29/17,0.0,0.0,1.0,0.0
@CBS,Did you catch these tiny moments during the 2017 Victoria's Secret Fashion Show? Find out what you may have missed:… https://t.co/IIyupot9uU,11/29/17,0.0,0.0,1.0,0.0
@CBS,RT @funnyordie: Live! Watch Tim Meadows and Patrick Brammall of @NoActivityCBS play themselves in new 8-bit video game! https://t.co/nXCuHO…,11/29/17,0.456,0.142,0.858,0.0
@CBS,The 'Only Angel' @Harry_Styles saw last night were the ones on the runway! Watch him perform at the #VSFashionShow:… https://t.co/na8GAiZwmS,11/29/17,0.0,0.0,1.0,0.0
@CBS,This entire collection is drop-dead gorgeous. See all the most sizzling looks from the 2017 #VSFashionShow:… https://t.co/zpTKXcm05r,11/29/17,0.612,0.2,0.8,0.0
@CBS,"Stars @Miguel, @Harry_Styles, @leslieodomjr &amp; more set the tone for a truly incredible show! Watch all the musical… https://t.co/kmo4l3aGai",11/29/17,0.493,0.158,0.842,0.0
@CBS,Some of the best moments happen behind the scenes! Here's your backstage pass to the 2017 Victoria's Secret Fashion… https://t.co/S8MpOnhC6b,11/29/17,0.67,0.191,0.809,0.0
@CBS,"From the sky-high heels to the jaw-dropping wings, these outfits are fashion goals! See all the best looks from the… https://t.co/GnyZ8NnBYH",11/29/17,0.67,0.183,0.817,0.0
@CBS,Missed the world’s most celebrated fashion show? Catch up on your own time and watch the entire 2017 Victoria's Sec… https://t.co/9OuYvHItzh,11/29/17,0.42,0.158,0.754,0.087
@CBS,"RT @VictoriasSecret: That’s a wrap on the 2017 #VSFashionShow!! BIG thanks to the Angels, the people of Shanghai &amp; YOU for watching! https:…",11/29/17,0.583,0.152,0.848,0.0
@CBS,Want to relive all of your favorite #VSFashionShow runway moments?  @GIPHY has you covered. https://t.co/mgfziAQR4c,11/29/17,0.511,0.249,0.751,0.0
@CBS,"RT @vannalovescats: Another successful show. I’m so proud of all of the beautiful ladies, they all did amazing. The musical guests were FAN…",11/29/17,0.948,0.449,0.551,0.0
@CNN,"""This is serious sexual harassment and misconduct, and he should be held just as accountable as a member of the Sen… https://t.co/R66FklItOU",12/12/17,-0.586,0.0,0.798,0.202
@CNN,"RT @AC360: ""It's the fifth most-conservative state in the country...if a Democrat can win - in such a red state - that sends a huge message…",12/12/17,0.727,0.243,0.757,0.0
@CNN,"Former NBA star Charles Barkley is campaigning with Democratic Senate candidate Doug Jones tonight in Birmingham, A… https://t.co/vV6wqFSBBu",12/12/17,0.0,0.0,1.0,0.0
@CNN,"As part of a research project backed by Budweiser, SpaceX is sending barley seeds on a round trip mission to space… https://t.co/pBALZMzVAf",12/12/17,0.026,0.055,0.945,0.0
@CNN,"Republican candidate Roy Moore is holding a ""Drain the Swamp"" rally in Alabama.

Before the event, Moore's supporte… https://t.co/XCQDvRMwpR",12/12/17,0.0,0.0,1.0,0.0
@CNN,RT @OutFrontCNN: President Trump reportedly downs 12 Diet Cokes… a day (is that healthy?) ????????????https://t.co/j9kA0Up2sG https://t.co/…,12/12/17,0.0,0.0,1.0,0.0
@CNN,"Roy Moore and Steve Bannon are holding a campaign rally in Midland City, Alabama, ahead of Tuesday's hotly conteste… https://t.co/7PYYLl1iW9",12/12/17,0.0,0.0,1.0,0.0
@CNN,"RT @OutFrontCNN: “I saw him walk into the dressing room, just like he has bragged about…it’s not that I’m accusing him, I’m simply verifyin…",12/12/17,0.462,0.154,0.846,0.0
@CNN,"Former pageant contestant Samantha Holvey on remarks from the White House: ""You know, it's funny that they say they… https://t.co/BPWWsauyER",12/12/17,0.44,0.132,0.868,0.0
@CNN,"Former Miss USA contestant Samantha Holvey, who accuses Trump of inappropriate behavior: ""He brags about this. It's… https://t.co/IJzdpDBZI5",12/12/17,-0.459,0.0,0.8,0.2
@CNN,"Former Miss USA contestant Samantha Holvey, who accuses Trump of inappropriate behavior, says he lined women up and… https://t.co/a5h3TGkuhS",12/12/17,-0.459,0.0,0.81,0.19
@CNN,CNN's @brianstelter asks: Is Tuesday's special election in Alabama a referendum on the media?… https://t.co/d4BFE4yghU,12/12/17,0.402,0.172,0.828,0.0
@CNN,"""That's so appalling, it's so shocking. ... It's like he's rubbing Alabamians' noses in it"": Paul Begala reacts to… https://t.co/AzVfqukfZ5",12/12/17,-0.508,0.099,0.672,0.229
@CNN,The hotly contested Alabama Senate race between Republican Roy Moore and Democrat Doug Jones will soon come to a cl… https://t.co/qHojL0n9rn,12/12/17,0.0,0.0,1.0,0.0
@CNN,"Thanks to the giant advertisement that is ""Star Wars,"" Ireland's ruggedly beautiful Skellig Islands are feeling the… https://t.co/MMJl9iCZrn",12/12/17,0.807,0.356,0.644,0.0
@CNN,Rallies for Alabama Senate candidates Roy Moore and Doug Jones are being held tonight ahead of Tuesday's special el… https://t.co/wLhScbrNa7,12/12/17,0.402,0.124,0.876,0.0
@CNN,About 45% of US children ages 10 to 12 have a smartphone with a service plan https://t.co/NykW73nPMl https://t.co/gRQoE6ClZ3,12/12/17,0.0,0.0,1.0,0.0
@CNN,"Airlines made a record $1.2 billion off baggage fees between July and September, up 10% from the same time period l… https://t.co/afX7CUVMV9",12/12/17,0.0,0.0,1.0,0.0
@CNN,The California wildfires are now larger than New York City and Boston combined https://t.co/YmaAROwt3h https://t.co/LB8e4TqvTj,12/12/17,0.0,0.0,1.0,0.0
@CNN,"RT @CNNPolitics: Before Roy Moore goes head-to-head with Democrat Doug Jones on Tuesday, catch up on the events that have brought us to thi…",12/12/17,0.0,0.0,1.0,0.0
@CNN,"Nearly one child dies every month and about about two are injured every day in window blind-related incidents, acco… https://t.co/02icfpVMWL",12/11/17,-0.402,0.0,0.876,0.124
@CNN,"Starting next April, you won't need to sign anything to make a purchase with an American Express card… https://t.co/Mw8ThdW6OE",12/11/17,0.0,0.0,1.0,0.0
@CNN,"Condoleezza Rice on the Alabama special election: ""Reject bigotry, sexism, and intolerance"" https://t.co/05g4mHhDPC https://t.co/kFSr6ykZ8d",12/11/17,0.0,0.155,0.69,0.155
@CNN,"He may no longer be in office, but former President Obama is still encouraging people to sign up for Obamacare as a… https://t.co/6HQOCTeBaB",12/11/17,0.612,0.169,0.772,0.059
@CNN,Here's what really scares Donald Trump | Analysis by CNN's Chris Cillizza https://t.co/uNxpM4yvKZ https://t.co/FaGK8zLXf3,12/11/17,-0.401,0.0,0.817,0.183
@CNN,RT @KyungLahCNN: #ThomasFire sunset in Carpinteria. Smoke rising up is good news for firefighters. Wind shifting so SW flank is burning slo…,12/11/17,0.44,0.121,0.879,0.0
@CNN,There's a shakeup happening at Soylent. A cofounder of the Silicon Valley startup is stepping down as CEO.… https://t.co/csbgdX6iWl,12/11/17,-0.153,0.0,0.909,0.091
@CNN,"In conversations with authorities, the New York City bombing suspect pledged allegiance to ISIS, a law enforcement… https://t.co/CY6hvUtiic",12/11/17,-0.296,0.0,0.879,0.121
@CNN,"RT @CNNSitRoom: President Trump backs Roy Moore with Alabama robocall: ""Roy Moore is the guy we need to pass our 'Make America Great Again'…",12/11/17,0.599,0.15,0.806,0.044
@CNN,The hotly contested race between Republican Roy Moore and Democrat Doug Jones will come to a close Tuesday when Ala… https://t.co/vbMf1qSjbT,12/11/17,0.0,0.0,1.0,0.0
@CNN,"The New Yorker has parted ways with its Washington correspondent, Ryan Lizza, following a review of what it called… https://t.co/pR8kh2apj7",12/11/17,0.0,0.0,1.0,0.0
@CNN,RT @CNNSitRoom: A group of women who have publicly accused President Trump of sexual harassment and assault detailed their accounts of bein…,12/11/17,-0.859,0.0,0.655,0.345
@CNN,Sarah Sanders just made a hugely offensive allegation against the media | Analysis by CNN's Chris Cillizza… https://t.co/vOr05ktd8E,12/11/17,-0.509,0.0,0.82,0.18
@CNN,"RT @CNNSitRoom: The New York bombing suspect told investigators he carried out the attack because of recent Israeli actions in Gaza, law en…",12/11/17,-0.649,0.0,0.798,0.202
@CNN,Rep. Peter King: I don't think President Trump's proposed immigration policies would have stopped the New York atta… https://t.co/4IXrVPEZAK,12/11/17,-0.226,0.0,0.899,0.101
@CNN,Saudi Arabia ends a 35-year ban on movie theaters https://t.co/HnlameXhGp https://t.co/wh3hcxa7d5,12/11/17,-0.557,0.0,0.714,0.286
@CNN,"Republican Rep. Peter King: I disagree with President Trump and would not vote for Roy Moore, ""there's a certain li… https://t.co/sCtRIfQnt2",12/11/17,-0.128,0.097,0.783,0.12
@CNN,Just because the botched attack in New York wasn't deadly doesn't mean we shouldn't fear the threat of terrorists w… https://t.co/AVhpZnRMMu,12/11/17,-0.421,0.183,0.574,0.243
@CNN,"A special election to replace Arizona Republican Rep. Trent Franks will be held next year, with a primary February… https://t.co/7cuQzOc7Ly",12/11/17,0.402,0.137,0.863,0.0
@CNN,"Siri, what's that song?

Apple has confirmed it is buying Shazam. https://t.co/VXt04AedNf https://t.co/tdVDFNLNr4",12/11/17,0.0,0.0,1.0,0.0
@CNN,The world's greenest cruise ship will have sails https://t.co/7DctUsBbVP https://t.co/eM1p8YL9UY,12/11/17,0.0,0.0,1.0,0.0
@CNN,She’s employee number 29 at Facebook. “I just really believed that Facebook and Mark Zuckerberg was going to be rea… https://t.co/KcrVqOWTqJ,12/11/17,0.077,0.061,0.939,0.0
@CNN,"The countdown to the New Year has begun, and lawmakers on Capitol Hill have been busy trying to reconcile their tax… https://t.co/qX8oF40CQZ",12/11/17,0.0,0.0,1.0,0.0
@CNN,"Twitter is hosting an event next month that will feature only high-profile female speakers, in what the company say… https://t.co/MDlq4OzBQF",12/11/17,0.0,0.0,1.0,0.0
@CNN,"RT @TheLeadCNN: The White House, run by the President who came to political prominence by promoting the lie that the first African-American…",12/11/17,0.361,0.106,0.894,0.0
@CNN,"? ? ? ?? ? ? ?? ? ? ? 

President Trump reportedly drinks 12 Diet Cokes each day. What exactly does that do to his… https://t.co/wqwDNoeFaN",12/11/17,0.0,0.0,1.0,0.0
@CNN,A rising star at the State Department has written a blistering resignation letter to Secretary of State Rex Tillers… https://t.co/zxAvvcf28X,12/11/17,-0.296,0.0,0.885,0.115
@CNN,White House claims President Trump's immigration plans could have prevented the suspect in an attempted New York te… https://t.co/mKUfYG9ViX,12/11/17,-0.273,0.054,0.837,0.108
@CNN,"? ? ? ?? ? ? ?? ? ? ? 

President Trump reportedly drinks 12 Diet Coke’s each day. What exactly does that do to his… https://t.co/SqeHbWq5nU",12/11/17,0.0,0.0,1.0,0.0
@CNN,"“We dodged a bullet this morning, there’s no doubt about it”: James Gagliano discusses the explosion in New York Ci… https://t.co/zdHBDzf9Z5",12/11/17,-0.572,0.0,0.793,0.207
@CNN,"Rep. Gwen Moore recently wrote a letter expressing her ""urgent concern"" about the safety of Senate pages if Roy Moo… https://t.co/kFa1RplihX",12/11/17,0.557,0.204,0.796,0.0
@CNN,"Judge warns Paul Manafort on his work on an op-ed defending his efforts in Ukraine, saying that a court-issued gag… https://t.co/R5SchVzwO4",12/11/17,-0.103,0.0,0.931,0.069
@CNN,"Having older brothers increases men's likelihood of being gay, newly published research suggests… https://t.co/o4Vm4O6D4D",12/11/17,0.0,0.0,1.0,0.0
@CNN,Secret message apps are on the rise at work https://t.co/W9XsVZHXuB https://t.co/VTUFs2Fnb3,12/11/17,0.0,0.0,1.0,0.0
@CNN,"""I suspect we'll be finding other places to land in addition to the moon"": President Trump wants to send astronauts… https://t.co/4SNsJK892g",12/11/17,-0.296,0.0,0.901,0.099
@CNN,Democratic US Sen. Kirsten Gillibrand says President Donald Trump should resign over allegations of sexual miscondu… https://t.co/i0FFKwAnR0,12/11/17,-0.34,0.0,0.87,0.13
@CNN,Europe's five biggest economies have warned the Trump administration that its tax plan may violate international tr… https://t.co/GV4CQCPj3C,12/11/17,-0.649,0.0,0.751,0.249
@CNN,"“I express myself through music.” Born with a rare genetic condition, this 19-year-old Juilliard musician spends we… https://t.co/YZhEqowr2D",12/11/17,0.0,0.0,1.0,0.0
@CNN,President Trump speaks from the White House. Watch live on CNN: https://t.co/UYpqI3w42L https://t.co/UX8UsWrJVi,12/11/17,0.0,0.0,1.0,0.0
@CNN,"Former President Obama is adding his voice to the Alabama Senate race, imploring voters to go to the polls Tuesday… https://t.co/Tz4MzdDAm9",12/11/17,0.0,0.0,1.0,0.0
@CNN,"RT @CNNPolitics: Sanders on the Middle East: “We are continuing to urge calm, and we’re open and willing and want to continue meeting and d…",12/11/17,0.382,0.135,0.865,0.0
@CNN,The SEC shut down plans by a startup food review site to raise money by selling digital tokens. The startup planned… https://t.co/Ybnl3UXWQq,12/11/17,0.0,0.0,1.0,0.0
@CNN,RT @CNNnewsroom: Voting for CNN Hero of the Year CLOSES Tuesday 12/12 at 11:59pm PT -- VOTE NOW at https://t.co/xFRTVRwoiy! #CNNHeroes @OpB…,12/11/17,0.598,0.156,0.844,0.0
@CNN,Transgender people are free to enlist in the US military beginning in 2018 after a federal judge declined the US go… https://t.co/NhMIJUmGF0,12/11/17,0.511,0.142,0.858,0.0
@CNN,The California wildfires are now larger than New York City and Boston combined https://t.co/EMSpgKoaoc https://t.co/Nvdj84NWCm,12/11/17,0.0,0.0,1.0,0.0
@CNN,CNN Exclusive: Sen. Kirsten Gillibrand calls on President Trump to resign https://t.co/RJ2N2Hicau https://t.co/LcKrgDhKaB,12/11/17,-0.226,0.101,0.738,0.161
@CNN,"RT @CNNPolitics: Sanders on Roy Moore: “As the President said, he found the allegations troubling. If they were true, then he should step a…",12/11/17,-0.178,0.099,0.777,0.124
@CNN,"""Look, the President has addressed these accusations directly and denied all of these allegations"": White House pre… https://t.co/0y8gjiABEa",12/11/17,-0.637,0.0,0.755,0.245
@CNN,"""We should all be willing to listen to"" women who speak up about inappropriate sexual behavior, including President… https://t.co/4x8ypdiVFL",12/11/17,0.0,0.0,1.0,0.0
@CNN,Sarah Sanders addresses allegations of sexual assault and harassment against President Trump: “The American people… https://t.co/NjGTM8k67a,12/11/17,-0.807,0.0,0.657,0.343
@CNN,"RT @CNNPolitics: White House press secretary Sarah Sanders in response to President Trump’s accusers speaking out: ""The President has addre…",12/11/17,0.0,0.0,1.0,0.0
@CNN,"Two Democratic senators called for President Trump's resignation over the weekend, citing the multiple accusations… https://t.co/nW0ahmJCl0",12/11/17,-0.296,0.0,0.872,0.128
@CNN,This 15-year-old wept as her parents told her their insurance company denied her for minimally invasive brain surge… https://t.co/x6l7Y6pdTo,12/11/17,-0.71,0.0,0.742,0.258
@CNN,Parents to Congress: My child depends on CHIP for health insurance https://t.co/OUpqqqQTfY https://t.co/2VhS3FxvFc,12/11/17,0.0,0.0,1.0,0.0
@CNN,"For the first time, an experimental drug has reduced levels of the toxic protein that causes Huntington's disease i… https://t.co/RvMInHGbtQ",12/11/17,0.0,0.0,1.0,0.0
@CNN,"Siri, what's that song?

Apple buys Shazam: https://t.co/Fvf8r2mIsL https://t.co/YC8iPPs2jd",12/11/17,0.0,0.0,1.0,0.0
@CNN,A 12 Diet Cokes-a-day habit like Trump's is worth changing https://t.co/UkB2nRumKA https://t.co/H8QHLyRkK6,12/11/17,0.527,0.328,0.672,0.0
@CNN,NYC bombing suspect Akayed Ullah told investigators that recent Israeli actions in Gaza are the reason he carried o… https://t.co/vgRbqtBlgk,12/11/17,-0.296,0.0,0.896,0.104
@CNN,"5 reasons you need to pay attention to the Roy Moore race:

- Trump's policy agenda
- The 2018 election
- The GOP b… https://t.co/3ulQmzkAfw",12/11/17,-0.103,0.0,0.935,0.065
@CNN,President Trump wants to send astronauts back to the Moon -- and eventually Mars https://t.co/yT29ZCR2Z5 https://t.co/H5Fim8OeJM,12/11/17,0.0,0.0,1.0,0.0
@CNN,"Wild parrots were shipped to New York in the 1960s destined for pet stores, but many of them escaped and still live… https://t.co/rfzGXjoL5N",12/11/17,0.0,0.0,1.0,0.0
@CNN,"Democrats might not win in Alabama, but they can't lose either | Analysis by @GregJKrieg https://t.co/PS2nXJB3bJ https://t.co/BRLVvn4Zua",12/11/17,0.215,0.153,0.74,0.108
@CNN,"Former President Barack Obama is adding his voice to the Alabama Senate race, imploring voters to go to the polls T… https://t.co/h1ogfwNe1G",12/11/17,0.0,0.0,1.0,0.0
@CNN,"Before Roy Moore goes head-to-head with Democrat Doug Jones on Tuesday, catch up on the events that have brought us… https://t.co/y3ZLNTC9sm",12/11/17,0.0,0.0,1.0,0.0
@CNN,"Meet the woman in charge of growing Facebook to the next billion users. How Naomi Gleit, VP of Social Good, got the… https://t.co/WhALdPw2ka",12/11/17,0.557,0.18,0.82,0.0
@CNN,Here's step-by-step details on how to vote for the CNN Hero of the Year at https://t.co/ANMKKlbytz… https://t.co/QWWHPPaPbw,12/11/17,0.557,0.184,0.816,0.0
@CNN,President Trump's #metoo moment is here | Analysis by @CillizzaCNN https://t.co/3ArVuPpqXW https://t.co/Yz1BFIc1qF,12/11/17,0.0,0.0,1.0,0.0
@CNN,"What we know about the NYC bombing suspect

- Police ID him as Akayed Ullah

- He's a 27-year-old man of Bangladesh… https://t.co/ucXuTWD7Sm",12/11/17,-0.296,0.0,0.896,0.104
@CNN,The California wildfires are now larger than New York City and Boston combined https://t.co/9ePVuSXUpd https://t.co/n6JbgEFnxa,12/11/17,0.0,0.0,1.0,0.0
@CNN,Take a look back at the photos that shaped 2017: https://t.co/ksho3CBLx6 https://t.co/ra5AlsxFV3,12/11/17,0.0,0.0,1.0,0.0
@CNN,This 15-year-old wept as her parents told her their insurance company denied her for minimally invasive brain surge… https://t.co/nhPom6AFX5,12/11/17,-0.71,0.0,0.742,0.258
@CNN,"Nearly one child dies every month and about about two are injured every day in window blind-related incidents, acco… https://t.co/T3RpfiqmD7",12/11/17,-0.402,0.0,0.876,0.124
@CNN,About 45% of US children ages 10 to 12 have a smartphone with a service plan https://t.co/coIed5tzzE https://t.co/I6AW6YGvey,12/11/17,0.0,0.0,1.0,0.0
@CNN,Celebrity chef Mario Batali is stepping away from his restaurant business and ABC television show amid allegations… https://t.co/jf82OuloQT,12/11/17,0.0,0.0,1.0,0.0
@CNN,Multiple women who have publicly accused President Trump of sexual harassment and assault are holding a press confe… https://t.co/iH61xbQCkU,12/11/17,-0.859,0.0,0.612,0.388
@CNN,"RT @CNNnewsroom: Sen. Lindsey Graham says he wishes Roy Moore would have ""stepped aside,"" says ""Moore will be the gift that keeps on giving…",12/11/17,0.542,0.17,0.83,0.0
@CNN,"- 98,000 evacuees
- 85,000 power outages
- 25,000 homes threatened
- 9,000 firefighters

The California wildfires b… https://t.co/lXwEfewEr7",12/11/17,-0.459,0.0,0.824,0.176
@CNN,"Starting next April, you won't need to sign anything to make a purchase with an American Express card… https://t.co/VOFLXtunit",12/11/17,0.0,0.0,1.0,0.0
@CNN,"During an appearance on a conspiracy-driven radio show in 2011, Alabama Senate candidate Roy Moore said getting rid… https://t.co/Kq3L8tOG8N",12/11/17,0.0,0.0,1.0,0.0
@CNN,"RT @CNNnewsroom: Mayor Bill de Blasio says there are ""no credible and specific threats against New York at this time"" but adds that there w…",12/11/17,-0.361,0.0,0.868,0.132
@FoxNews,"David Daleiden: “The pro-life Democrats that are out there need to speak out pretty loudly now, and those who are p… https://t.co/2SzXxNw7mX",12/12/17,0.494,0.132,0.868,0.0
@FoxNews,Deputy FBI Director to testify behind closed doors of House Intelligence Committee https://t.co/m50SMBXVRW,12/12/17,0.477,0.205,0.795,0.0
@FoxNews,Massive wildfire near Santa Barbara grows to 5th largest in California state history https://t.co/Eo5wsNGvHG https://t.co/qf9JKcO0rd,12/12/17,0.0,0.0,1.0,0.0
@FoxNews,Wife of demoted DOJ official worked for firm behind anti-#Trump dossier https://t.co/62gpolRESS,12/12/17,0.0,0.0,1.0,0.0
@FoxNews,"Juanita Broaddrick on @TIME's choice of 'The Silence Breakers' for 'Person of the Year': ""It was disappointing to m… https://t.co/FHXRZAgUUl",12/12/17,-0.494,0.0,0.856,0.144
@FoxNews,ISIS Message Two Weeks Ago Warned About 'Christmas in New York' https://t.co/jVNm2mf4dr,12/12/17,-0.273,0.0,0.84,0.16
@FoxNews,Google employee's half-naked body found floating in San Francisco Bay https://t.co/XJCP5bZ0IW,12/12/17,0.0,0.0,1.0,0.0
@FoxNews,".@RepPeteKing on aftermath of NYC Port Authority explosion: ""We do need increased surveillance...we need to have mo… https://t.co/hak7J5Femr",12/12/17,0.34,0.175,0.825,0.0
@FoxNews,Inside the Trump dossier handoff: @SenJohnMcCain's 'go-between' speaks out https://t.co/mS5q3Svzzs,12/12/17,0.0,0.0,1.0,0.0
@FoxNews,Chain migration responsible for NYC terror suspect's entry: @WhiteHouse https://t.co/dOdwDPUf6s https://t.co/BEVW4SlNXk,12/12/17,-0.273,0.156,0.612,0.231
@FoxNews,Roy Moore campaign spokesperson: “This whole race is about the United States Supreme Court.” #TheStory https://t.co/rkJx4SWQG7,12/12/17,0.751,0.314,0.686,0.0
@FoxNews,'Jaws' spotted? Massive great white shark sighted off Australian coast https://t.co/XCN5JCmyiv,12/12/17,0.625,0.291,0.709,0.0
@FoxNews,"Homeland Security Committee Chairman @RepMcCaul on what keeps him up at night: ""I think the crown jewel for [terror… https://t.co/bTzz11Z5yH",12/11/17,0.599,0.214,0.786,0.0
@FoxNews,".@RepMcCaul: ""I think we have to get a handle on who's coming into this country, so we don't have threats like what… https://t.co/9HBxRLa02J",12/11/17,0.057,0.095,0.818,0.086
@FoxNews,".@RepMcCaul on homeland security threats: ""What still concerns me most is the aviation threat.""  #SpecialReport https://t.co/QQRPOPaCJj",12/11/17,-0.103,0.125,0.729,0.146
@FoxNews,'Team Sport Politics': 'The Five' Reacts to Conservatives Opposing Each Other on Moore Election  #TheFive https://t.co/ehzcK1htvm,12/11/17,0.0,0.0,1.0,0.0
@FoxNews,.@POTUS wants to see @NASA boots on the Moon https://t.co/HCcn30jrVp,12/11/17,0.0,0.0,1.0,0.0
@FoxNews,Attorney General Jeff Sessions released a statement following the attack in New York City on Monday morning. In the… https://t.co/5C5PWVRcV8,12/11/17,-0.477,0.0,0.853,0.147
@FoxNews,".@POTUS: ""Today's terror suspect entered our country through extended-family chain migration, which is incompatible… https://t.co/h39lTnpxNo",12/11/17,-0.681,0.0,0.699,0.301
@FoxNews,Pro-#Trump students in MAGA hats booted from 'safe space' campus coffee shop https://t.co/4jtE8Gk6rB,12/11/17,0.44,0.195,0.805,0.0
@FoxNews,".@POTUS signed a policy directive Monday instructing the National Aeronautics and Space Administration to ""refocus… https://t.co/z84aZUXZFL",12/11/17,0.0,0.0,1.0,0.0
@FoxNews,EXCLUSIVE: Wife of demoted DOJ official worked for firm behind anti-Trump dossier https://t.co/62gpolRESS,12/11/17,0.303,0.157,0.843,0.0
@FoxNews,'It Looks Pretty Good': Toomey Says Tax Bill Likely to Be Sent to Trump By Christmas https://t.co/9z3FO5KYpu,12/11/17,0.494,0.167,0.833,0.0
@FoxNews,"Gorka: Stop Looking at Your Cell Phone, Have a Plan in Case Terror Strikes https://t.co/p7whJkO00M",12/11/17,-0.796,0.0,0.576,0.424
@FoxNews,RT @FoxBusiness: Matt Lauer could lose $9M New Zealand ranch due to 'good character' clause https://t.co/48uCLydm1s,12/11/17,0.052,0.148,0.714,0.138
@FoxNews,'Jaws' spotted? Massive great white shark sighted off Australian coast https://t.co/W6uDNEjKfw,12/11/17,0.625,0.291,0.709,0.0
@FoxNews,"Port Authority explosion suspect: What we know about Akayed Ullah
https://t.co/FELXuKFVsh",12/11/17,-0.226,0.104,0.72,0.176
@FoxNews,Tragedy as famous daredevil climber plunges to death from well-known skyscraper https://t.co/pkO5HKZLfT,12/11/17,-0.832,0.08,0.479,0.441
@FoxNews,RT @FoxBusiness: #BreakingNews:  The Dow Jones Industrial Average and S&amp;P 500 close at record highs. This is the 66th record close for the…,12/11/17,0.0,0.0,1.0,0.0
@FoxNews,"Chain migration responsible for NYC terror suspect's entry: White House - via @brookefoxnews
https://t.co/cJCDs5EdDV",12/11/17,-0.273,0.138,0.659,0.204
@FoxNews,Mike Huckabee: Chelsea Handler's 'Vicious Attacks' Are Beginning to Backfire https://t.co/8aVWEhM2Dr,12/11/17,-0.66,0.0,0.625,0.375
@FoxNews,Concealed-carry bill backers brace for Senate fight https://t.co/CZwauEuqcx,12/11/17,-0.382,0.0,0.729,0.271
@FoxNews,".@POTUS signs a new directive on space policy: ""This is very exciting and very important for our country."" https://t.co/H9bE3un9R3",12/11/17,0.679,0.259,0.741,0.0
@FoxNews,".@VP Pence on @POTUS space directive: ""You're ensuring, Mr. President, that America will lead in space in the futur… https://t.co/ODoCjnfUNV",12/11/17,0.273,0.1,0.9,0.0
@FoxNews,"North Dakota woman, 38, pleads guilty to brutal 'womb raider' murder of pregnant woman, 22, to steal baby  https://t.co/RccmdZ3po0",12/11/17,-0.941,0.0,0.503,0.497
@FoxNews,.@MakeAWishAust? partnered with the @Australian_Navy to help make this 12-year-old boy's dream come true! https://t.co/2R3rOn0pTE,12/11/17,0.778,0.394,0.606,0.0
@FoxNews,.@PressSec: “@POTUS is aggressively going to continue to push forth responsible immigration reform.” https://t.co/JnkCtTCPoH,12/11/17,0.0,0.139,0.723,0.139
@FoxNews,.@PressSec: “This attack underscores the need for Congress to work with the president on immigration reforms that e… https://t.co/5N7mofvLx2,12/11/17,-0.477,0.0,0.853,0.147
@FoxNews,Corey Feldman plays lost 1993 audio tape where he names alleged Hollywood sex predator https://t.co/tfpuwQnIlb,12/11/17,-0.077,0.116,0.751,0.133
@FoxNews,Southwest passenger threatens to 'kill everybody' on plane after being caught smoking https://t.co/21I3uysqrx,12/11/17,-0.807,0.0,0.601,0.399
@FoxNews,".@RepDougCollins on tax reform: “At the end of the day, we’re going to have something that’s actually going to give… https://t.co/CJ1KYhGuuB",12/11/17,0.0,0.0,1.0,0.0
@FoxNews,"Pentagon plans to allow transgender people to enlist in the military starting Jan. 1, officials confirmed to Fox Ne… https://t.co/SYjgs1vPVE",12/11/17,0.226,0.091,0.909,0.0
@FoxNews,Fried-chicken loving thief arrested after returning to scene of crime https://t.co/m6Zh9Wybt3,12/11/17,-0.727,0.187,0.335,0.478
@FoxNews,Boy battling brain tumor gets special tour of John Deere factory https://t.co/oPdIFeIUiR,12/11/17,-0.25,0.165,0.549,0.287
@FoxNews,Democratic Senate candidate Doug Jones holds a 10-point lead over Republican Roy Moore among likely voters in Alaba… https://t.co/ngLziDJX1J,12/11/17,0.0,0.0,1.0,0.0
@FoxNews,"Trump accusers band together, seek congressional probe of 'sexual misconduct' - via @brookefoxnews
https://t.co/3aJOAMPSjW",12/11/17,0.0,0.0,1.0,0.0
@FoxNews,"NPR's Tom Ashbrook suspended amid 'creepy' misconduct allegations from men, women https://t.co/tkpcPkVMo4",12/11/17,-0.477,0.0,0.78,0.22
@FoxNews,"Conservative college students in Minnesota face insults, threats for political views https://t.co/oi0GTpfDhf",12/11/17,-0.681,0.0,0.641,0.359
@FoxNews,Britain's been wrong about its highest mountain for years https://t.co/AmnE0Zp4uQ,12/11/17,-0.477,0.0,0.744,0.256
@FoxNews,'Jaws' spotted? Massive great white shark sighted off Australian coast https://t.co/QvI8OM7O43,12/11/17,0.625,0.291,0.709,0.0
@FoxNews,ISIS Message Two Weeks Ago Warned About 'Christmas in New York' https://t.co/ieIj8EyAMg,12/11/17,-0.273,0.0,0.84,0.16
@FoxNews,".@AriFleischer: ""If [Roy Moore] wins, I think Republicans cannot unseat him, cannot throw him out... I don't think… https://t.co/iZk7lWDhYD",12/11/17,0.572,0.188,0.812,0.0
@FoxNews,.@BarackObama and @JoeBiden have recorded robocalls for Doug Jones https://t.co/tPiB6OUIzx,12/11/17,0.0,0.0,1.0,0.0
@FoxNews,Roy Moore's sexual assault allegations cloud Alabama special Senate election https://t.co/iSyEUozUt1,12/11/17,-0.273,0.174,0.581,0.245
@FoxNews,"Saudi Arabia to allow cinemas in 2018, first time in 35 years https://t.co/kijzlEnsqA",12/11/17,0.226,0.137,0.863,0.0
@FoxNews,"Bullied Tennessee boy receives celebrity gift offers from Chris Evans, Dana White and more after viral video https://t.co/VNzEfRV8uy",12/11/17,-0.296,0.126,0.696,0.178
@FoxNews,Boy battling brain tumor gets special tour of John Deere factory https://t.co/xAnfmZxT3i,12/11/17,-0.25,0.165,0.549,0.287
@FoxNews,OPINION: Should conservatives vote for Roy Moore? https://t.co/dRvra7230f,12/11/17,0.0,0.0,1.0,0.0
@FoxNews,Massachusetts man rescued as his car was sinking into frozen pond (via @travfed)  https://t.co/FDMJQqrYVd,12/11/17,0.421,0.177,0.823,0.0
@FoxNews,"Port Authority explosion sparks reactions from lawmakers, celebrities https://t.co/e7iJRKlJXv",12/11/17,0.077,0.14,0.86,0.0
@FoxNews,".@FreemanWSJ on tax reform: ""This is going to happen."" https://t.co/a8CQrsGHHB",12/11/17,0.0,0.0,1.0,0.0
@FoxNews,"Mario Batali accused of sexual misconduct, asked to step away from 'The Chew' https://t.co/YZ5TUWawfI",12/11/17,-0.296,0.0,0.855,0.145
@FoxNews,".@NYCMayor Bill de Blasio: ""This is the most resilient place on Earth. We've proven it time and time again.""… https://t.co/kaS2lhJMYD",12/11/17,0.0,0.0,1.0,0.0
@FoxNews,Port Authority explosion suspect: What we know about Akayed Ullah https://t.co/c2Z8ti4yY3,12/11/17,-0.226,0.104,0.72,0.176
@FoxNews,Netanyahu slams Turkey's Erdogan for claiming Israel is 'terrorist state' that 'kills children'… https://t.co/2xNsKuooJ7,12/11/17,-0.848,0.0,0.594,0.406
@FoxNews,New Evacuations Amid CA Wildfires https://t.co/rffPInFiei https://t.co/2KOuxt5kaB,12/11/17,0.0,0.0,1.0,0.0
@FoxNews,JUST IN: Democratic Senate candidate Doug Jones holds a 10-point lead over Republican Roy Moore among likely voters… https://t.co/NTZ2eS3CeX,12/11/17,0.0,0.0,1.0,0.0
@FoxNews,"UPDATE: New York City explosion suspect ID'd as Akayed Ullah, 27, officials say. ""This male was wearing an improvis… https://t.co/mBYjIOocij",12/11/17,-0.296,0.0,0.896,0.104
@FoxNews,"Breaking UPDATE: New York City bombing suspect ID'd as Akayed Ullah, 27, officials say. ""He had burns and wounds to… https://t.co/5fmB1sr1YI",12/11/17,-0.296,0.0,0.901,0.099
@FoxNews,"John Miller: ""The device is based on a pipe bomb. It was affixed to his person with a combination of Velcro and zip… https://t.co/0uX6jXS6Lu",12/11/17,-0.494,0.0,0.868,0.132
@FoxNews,".@NYPDONeill: ""We are New Yorkers, we don't live in fear."" https://t.co/ZUlCYV7RRU https://t.co/FrxQaJ7NBx",12/11/17,0.0,0.0,1.0,0.0
@FoxNews,".@NYCMayor: ""The first responders, responded brilliantly."" https://t.co/ZUlCYV7RRU https://t.co/T89DjqBHEx",12/11/17,0.0,0.0,1.0,0.0
@FoxNews,".@NYGovCuomo: ""The reality is we are a target by many who would like to make a statement against democracy, against… https://t.co/nhwWMRwMqn",12/11/17,0.361,0.122,0.878,0.0
@FoxNews,".@NYGovCuomo: ""There was an explosion... it was an effectively low-tech device. There were several injuries, we hop… https://t.co/iOk0vqlWDD",12/11/17,0.44,0.146,0.854,0.0
@FoxNews,".@NYPDONeill: ""Approximately 7:20 this morning we had a terror related incident, in the subway, in the passageway."" https://t.co/hL0uc5Ieit",12/11/17,-0.527,0.0,0.825,0.175
@FoxNews,"Breaking UPDATE: The person arrested after New York City explosion has non-life threatening injuries, The Associate… https://t.co/mVZw8Hv9JN",12/11/17,-0.758,0.0,0.698,0.302
@FoxNews,Awaiting Update on NYC Explosion https://t.co/ZUlCYV7RRU https://t.co/9aCy1IupdC,12/11/17,0.0,0.0,1.0,0.0
@FoxNews,".@GOPLeader: ""We all know the NYPD is one of the finest first responders there is."" https://t.co/ZUlCYV7RRU https://t.co/zh0ExZM5iz",12/11/17,0.0,0.0,1.0,0.0
@FoxNews,"Breaking UPDATE: Four people suffered minor injuries in New York City explosion, the FDNY said, though it's unclear… https://t.co/Rbd9Yug7P4",12/11/17,-0.494,0.0,0.849,0.151
@FoxNews,".@BuckSexton on the Port Authority Bus Terminal: ""This is a choke point for all of New York City... therefore it po… https://t.co/2za7f2VJME",12/11/17,-0.494,0.055,0.798,0.147
@FoxNews,Port Authority explosion: Injured suspect in custody https://t.co/MAZakhKDRw,12/11/17,-0.557,0.116,0.446,0.438
@FoxNews,".@RickLeventhal: ""Authorities are on scene. They think this was an isolated incident. There is at least one injury,… https://t.co/7CXVzZhZ8X",12/11/17,-0.318,0.0,0.887,0.113
@FoxNews,One person was in custody after an explosion near New York City’s Port Authority bus terminal during Monday morning… https://t.co/8DLUmvXjii,12/11/17,0.077,0.064,0.936,0.0
@FoxNews,The Port Authority Bus Terminal has been closed after an explosion during Monday morning’s rush hour… https://t.co/JwTqK0YcLm,12/11/17,0.077,0.075,0.925,0.0
@FoxNews,Mayor Bill de Blasio is on his way to scene after an explosion occurred near New York City's Port Authority bus ter… https://t.co/Y2c4H6MYu3,12/11/17,0.077,0.056,0.944,0.0
@FoxNews,One person in custody after an explosion near New York City’s Port Authority Bus Terminal during Monday morning’s r… https://t.co/RhafcZE6SZ,12/11/17,0.077,0.064,0.936,0.0
@FoxNews,PHOTO shows police responding to the scene after an explosion occurred near New York City's Port Authority bus term… https://t.co/C013gfrOOG,12/11/17,0.077,0.064,0.936,0.0
@FoxNews,.@POTUS has been briefed about explosion near New York City’s Port Authority bus terminal https://t.co/JZ9yaElemp,12/11/17,0.077,0.085,0.915,0.0
@FoxNews,One person is in custody after an explosion near New York City’s Port Authority https://t.co/ZUlCYV7RRU https://t.co/mFQN9FvGUq,12/11/17,0.077,0.08,0.92,0.0
@FoxNews,"Port Authority explosion leaves several injured, reports say https://t.co/ZUlCYV7RRU",12/11/17,-0.34,0.118,0.636,0.245
@FoxNews,JUST IN: New York City police responding to ‘reports of an explosion’ near Port Authority https://t.co/ZUlCYV7RRU,12/11/17,0.077,0.08,0.92,0.0
@FoxNews,".@SteveScalise on tax reform: ""Hopefully in the next few days we'll see the final framework, get a bill well before… https://t.co/JR3qd6eaGf",12/11/17,0.586,0.211,0.789,0.0
@FoxNews,"Southern California's Thomas Fire explodes in size, threatens new areas https://t.co/kksM4X2sTb",12/11/17,-0.612,0.0,0.643,0.357
@FoxNews,12 gift ideas for the holiday host or hostess https://t.co/nIAcuA4Wht,12/11/17,0.681,0.412,0.588,0.0
@FoxNews,Stuart Varney on bitcoin: “What you're buying essentially is a computer entry and the value of that computer entry… https://t.co/Mskl4c7qfW,12/11/17,0.34,0.118,0.882,0.0
@FoxNews,.@KellyannePolls on @foxandfriends: “The economy is absolutely booming. The stock market is up.” https://t.co/ZivWHERJRk,12/11/17,0.0,0.0,1.0,0.0
@FoxNews,.@KellyannePolls on @foxandfriends: “We respect the rights of voters in every state to decide who represents them i… https://t.co/YyFWqo2xmo,12/11/17,0.477,0.147,0.853,0.0
@FoxNews,RT @foxnewsradio: Happy Monday! The latest #FOXNewsRundown is ready for you. Listen &amp; subscribe on @iTunes. https://t.co/UrjQiXec33 https:/…,12/11/17,0.757,0.289,0.711,0.0
@FoxNews,".@RepMiaLove on @chelseahandler attacking @PressSec: ""She's absolutely objectifying women."" https://t.co/GQdIaZLPf5",12/11/17,-0.459,0.0,0.75,0.25
@FoxNews,Driver rescued from car quickly sinking into icy pond https://t.co/fnH3V0HdNb,12/11/17,0.421,0.237,0.763,0.0
@nytimes,The TV surprises and snubs from the Golden Globe nominations https://t.co/zI8epS2Y6N,12/12/17,-0.296,0.136,0.643,0.221
@nytimes,Scientists are gaining a more refined — and surprising — understanding of the effects of loneliness on health https://t.co/AvPfZoFb6F,12/12/17,0.332,0.246,0.62,0.134
@nytimes,RT @nytopinion: Alabama’s photo ID law is nothing but a naked attempt to suppress the voting rights of people of color https://t.co/3wrtfXD…,12/12/17,0.0,0.0,1.0,0.0
@nytimes,The gorgeous sapphires found in Canada’s Nunavut territory are made with a unique geological recipe https://t.co/FbGjqtUujP,12/12/17,0.612,0.222,0.778,0.0
@nytimes,"Gabriel Garcia Marquez's literary remains may be in Texas, but a new digital project makes his papers available to… https://t.co/cCmU3TyLzo",12/12/17,0.0,0.0,1.0,0.0
@nytimes,"Maybe you had no idea what the toy was, or why it was so special. But your child had to have it. Tell us the story. https://t.co/1RwnQ5KvdW",12/12/17,0.316,0.114,0.815,0.072
@nytimes,RT @kevinroose: New by me: The Alt-Right Created a Parallel Internet. It’s an Unholy Mess. https://t.co/BsDoGoJJjN,12/12/17,-0.128,0.114,0.743,0.143
@nytimes,Evening Briefing: Here's what you need to know at the end of the day https://t.co/4GCjKs8X7r,12/12/17,0.0,0.0,1.0,0.0
@nytimes,"Andrew gave his mother a reason to be happy. When he was 10, he was diagnosed with an aggressive form of cancer. Wa… https://t.co/5zmP5h1XXX",12/11/17,-0.318,0.125,0.673,0.202
@nytimes,U2 now has a No. 1 album in each of the last 4 decades https://t.co/QVIBQcWm6W,12/11/17,-0.296,0.0,0.833,0.167
@nytimes,"The New Yorker magazine fired Ryan Lizza, a high-profile political reporter, citing “improper sexual conduct” https://t.co/VdAlQseEFs",12/11/17,-0.557,0.0,0.795,0.205
@nytimes,"Amid a blur of TV ads and conflicting polls, Roy Moore and Doug Jones made their final appeals to voters in Alabama https://t.co/7NPj1HF4Sz",12/11/17,-0.402,0.0,0.886,0.114
@nytimes,RT @sherifink: It was sobering to check figures and find out that only a little over half of Puerto Rico's pre-storm power grid load has be…,12/11/17,-0.202,0.0,0.93,0.07
@nytimes,"Excited about ""The Crown""? Here's where to watch more movies and TV series about British history. https://t.co/bDlURur4jE",12/11/17,0.34,0.13,0.87,0.0
@nytimes,The 2018 Golden Globe nominations contained a slew of surprises and snubs https://t.co/ErpHROzZxf,12/11/17,-0.296,0.127,0.667,0.207
@nytimes,These are the best. And the crispiest. Make them. You’ll be so happy. https://t.co/ifrBcIeix1,12/11/17,0.873,0.427,0.573,0.0
@nytimes,"Breaking News: The New York bombing suspect told officials he was inspired by ISIS, and that he chose the subway be… https://t.co/toYDVuiQ7y",12/11/17,0.25,0.126,0.787,0.087
@nytimes,What role has free trade played in the world’s obesity epidemic? Mexico’s widening waistlines since Nafta may offer… https://t.co/CNcvhiQXc5,12/11/17,0.691,0.251,0.749,0.0
@nytimes,"""When scientists say bears are going extinct, I want people to realize what it looks like"" https://t.co/xnlHGM9kT1",12/11/17,0.421,0.213,0.787,0.0
@nytimes,Where the Port Authority subway explosion happened https://t.co/bzFIfrP0W4,12/11/17,0.077,0.157,0.843,0.0
@nytimes,We want to hear from parents whose children faced a serious illness. Please share your experiences if you can: https://t.co/RbJHOLFC26,12/11/17,0.202,0.244,0.588,0.168
@nytimes,"There were falls, special diets interrupted and medical treatments missed. One woman even mistakenly drank a poison. https://t.co/tMW4hQs4yH",12/11/17,-0.751,0.109,0.484,0.407
@nytimes,The MTA chairman says he expects NYC subway service to be fully operational by Monday’s evening rush https://t.co/vjfS6JsQbR,12/11/17,0.0,0.0,1.0,0.0
@nytimes,The 54 best songs of 2017 https://t.co/MsFz1QCkz3 https://t.co/5bBqvJB9xk,12/11/17,0.637,0.375,0.625,0.0
@nytimes,RT @arappeport: Treasury is getting panned for a one-page GOP tax plan analysis that relies on other policies &amp; amped up growth projections…,12/11/17,0.527,0.18,0.82,0.0
@nytimes,One NYT reader's reaction to a pipe bomb explosion in a New York City subway tunnel https://t.co/XiPTcREMpt https://t.co/29KJqnqEBx,12/11/17,-0.494,0.0,0.824,0.176
@nytimes,B-52s have once again been called into action in Afghanistan. @EricSchmittNYT flew in one for a 13-hour combat miss… https://t.co/yuwfu45nK9,12/11/17,-0.34,0.0,0.882,0.118
@nytimes,RT @nytopinion: The sponsors of the photo ID law were caught on tape devising a plan to depress the turnout of black voters https://t.co/Jh…,12/11/17,-0.494,0.0,0.873,0.127
@nytimes,"A deafening boom came from a man in a hooded sweatshirt, and then smoke. And then the commuters ran. https://t.co/q1PlVtXX5Z",12/11/17,-0.296,0.0,0.879,0.121
@nytimes,"The author of ""Cat Person"" says she always knew how the story would end, down to the last word https://t.co/TaHl0f0q95",12/11/17,0.0,0.0,1.0,0.0
@nytimes,The explosion in a New York City subway tunnel was recorded on surveillance video https://t.co/hOm8jNpJli,12/11/17,0.0,0.0,1.0,0.0
@nytimes,"The New York Times stands by our reporting, sourced from interviews with 60 advisers, associates, friends and membe… https://t.co/urJFBDb4N2",12/11/17,0.477,0.147,0.853,0.0
@nytimes,"The NYT reported that President Trump watches 4 to 8 hours of TV each day. 

Trump tweeted that this is ""wrong!"" https://t.co/Q7vKwh1LJf",12/11/17,0.0,0.0,1.0,0.0
@nytimes,EU leaders rejected Benjamin Netanyahu's request to recognize Jerusalem as Israel's capital https://t.co/hhtb86qwMF,12/11/17,-0.511,0.0,0.784,0.216
@nytimes,One former clerk said he called her into his office and showed her photos of naked people on his computer https://t.co/RTVD5Xj5BR,12/11/17,0.0,0.0,1.0,0.0
@nytimes,"The suspect had attached a pipe bomb to himself with a “combination of Velcro and zip ties,” NYPD commissioner says https://t.co/iI3youOiiW",12/11/17,-0.66,0.0,0.759,0.241
@nytimes,"The 1, 2, 3, A, C, E, N, Q, R and W lines bypassed the 42nd Street stops. The bus terminal was temporarily closed. https://t.co/72kQACbrMy",12/11/17,-0.153,0.0,0.932,0.068
@nytimes,RT @NYTScience: Most of us hear. But a few hear things they see -- even if there's no noise. Why? https://t.co/Wmr0maobsl https://t.co/PRzM…,12/11/17,-0.296,0.0,0.901,0.099
@nytimes,"La policía de Nueva York detiene a un sospechoso tras explosión en el metro en Manhattan https://t.co/3vivWw3bT9

R… https://t.co/Uv7NcGtReJ",12/11/17,0.0,0.0,1.0,0.0
@nytimes,"""This was an attempted terrorist attack. Thank god the perpetrator did not achieve his ultimate goals."" https://t.co/c1Zw7XecqI",12/11/17,-0.813,0.167,0.435,0.399
@nytimes,The 2018 Golden Globe nominations contained a slew of surprises and snubs https://t.co/Fj1SI2B4Rs,12/11/17,-0.296,0.127,0.667,0.207
@nytimes,NYT reporter @rcallimachi analyzes what authorities called an attempted terrorist attack in New York City https://t.co/MQseK60NHy,12/11/17,-0.832,0.0,0.642,0.358
@nytimes,Mario Batali is stepping away from his restaurants and “The Chew” after reports of alleged sexual misconduct https://t.co/IPGvTUIVjB,12/11/17,0.0,0.0,1.0,0.0
@nytimes,Where the Port Authority subway explosion happened https://t.co/V2ZQHRpBWk,12/11/17,0.077,0.157,0.843,0.0
@nytimes,"The Thomas Fire is threatening communities around Santa Barbara, California https://t.co/nIiuAI2vlq",12/11/17,-0.7,0.0,0.608,0.392
@nytimes,"Chris Evans invited Keaton Jones to next year's ""Avengers"" premiere. A Tennessee Titan offered him tickets to a gam… https://t.co/petAPhgEF7",12/11/17,0.0,0.0,1.0,0.0
@nytimes,A Fed rate increase is expected. But what comes next? https://t.co/wfsw0dFodg,12/11/17,0.318,0.204,0.796,0.0
@nytimes,The scene on 42nd Street near the Port Authority Bus Terminal on Monday morning in New York. Latest updates:… https://t.co/GkrFH0zux7,12/11/17,0.077,0.064,0.936,0.0
@nytimes,"RT @MichaelPaulson: En route to Broadway. But first, Edmonton. How a trek north by Orpheus and Eurydice illustrates one side effect of musi…",12/11/17,0.0,0.0,1.0,0.0
@nytimes,"The U.S., Japan and South Korea are teaming up for a drill to track submarine missile launchings by North Korea https://t.co/ocS1Q4wv9z",12/11/17,0.0,0.0,1.0,0.0
@nytimes,"NYC Mayor Bill de Blasio: ""Our lives revolve around the subway""
https://t.co/Db0Mg6e5b8 https://t.co/CZEm6t0T57",12/11/17,0.0,0.0,1.0,0.0
@nytimes,"First, allowing women to drive. Then concerts. Now Saudi Arabia will open commercial movie theaters. https://t.co/mgmvK4jAML",12/11/17,0.0,0.0,1.0,0.0
@nytimes,The explosion in a New York City subway tunnel was recorded on surveillance video https://t.co/xGcCPGHgBS,12/11/17,0.0,0.0,1.0,0.0
@nytimes,"Traditional sexual harassment trainings can backfire, but there are approaches that have been proven effective https://t.co/vyVGdsGCwl",12/11/17,0.44,0.203,0.686,0.11
@nytimes,Mayor Bill de Blasio called the subway station blast an attempted terrorist attack and said no other explosive devi… https://t.co/1BqpxKBnZE,12/11/17,-0.875,0.0,0.63,0.37
@nytimes,Morning Briefing: Here's what you need to know to start your day. https://t.co/uSx7wCpvBD,12/11/17,0.0,0.0,1.0,0.0
@nytimes,"Famous for its hostility to wealth and corporations, France is attempting a makeover to win post-Brexit jobs https://t.co/FqaNu6X6Ip",12/11/17,0.542,0.286,0.571,0.143
@nytimes,"RT @cliffordlevy: @realDonaldTrump @nytimes We at The New York Times stand by our reporting, sourced from interviews with 60 advisers, asso…",12/11/17,0.0,0.0,1.0,0.0
@nytimes,And the nominees for the 2018 Golden Globes are... https://t.co/5xKiLzf6MP,12/11/17,0.0,0.0,1.0,0.0
@nytimes,"Breaking News: The suspect in the New York subway blast had an explosive device strapped to him, a city official sa… https://t.co/7wDF34V0vZ",12/11/17,-0.296,0.0,0.901,0.099
@nytimes,A frustrating truth about American health care is that half or more of prescribed medication is never taken https://t.co/zpPtMEax7p,12/11/17,0.382,0.235,0.641,0.124
@nytimes,"The real fight in Russia is not the 2018 presidential election, it's what comes after Vladimir Putin in 2024 https://t.co/CIBzkZgnsr",12/11/17,-0.382,0.0,0.88,0.12
@nytimes,An explosion near Times Square has forced the evacuation of a major transit hub. A suspect is in custody; he was th… https://t.co/FoBbQBrHjS,12/11/17,-0.637,0.0,0.785,0.215
@nytimes,"""It happens all the time: The wife outfishes the husband, and it drives the husband nuts"" https://t.co/RwtkDyKsiN",12/11/17,-0.318,0.0,0.874,0.126
@nytimes,Morning Briefing: Here's what you need to know to start your day. https://t.co/jU0m43TJ0o,12/11/17,0.0,0.0,1.0,0.0
@nytimes,Police evacuated one of New York's busiest transit hubs after reports of an explosion at 42nd Street and 8th Avenue https://t.co/HRdccEm2LR,12/11/17,0.0,0.0,1.0,0.0
@nytimes,Police in New York Respond to Report of Explosion https://t.co/LAc4uk3r23,12/11/17,0.0,0.0,1.0,0.0
@nytimes,"Ahead of Tuesday’s election in Alabama, Democrats are deploying a multimillion-dollar get-out-the-vote operation https://t.co/BbgR33hlPz",12/11/17,0.0,0.0,1.0,0.0
@nytimes,"Most workplace sexual harassment training is devised to reduce companies' potential legal liability, not to prevent… https://t.co/UpV5OaKQ80",12/11/17,-0.62,0.071,0.665,0.264
@nytimes,Morning Briefing: Here's what you need to know to start your day. https://t.co/REn1506voc,12/11/17,0.0,0.0,1.0,0.0
@nytimes,Colin Kaepernick vs. the NFL: What you need to know about his collusion case https://t.co/E6Jo39GfT3,12/11/17,0.0,0.0,1.0,0.0
@nytimes,"Food, drink, friends, good conversation — a dinner party is timeless. Here's how to throw your best one yet. https://t.co/l0iSHBDiZ2",12/11/17,0.917,0.48,0.52,0.0
@nytimes,Editorial: Opening Up New York’s Public Records https://t.co/5zgXfaB30S,12/11/17,0.0,0.0,1.0,0.0
@nytimes,“The whole game has shifted.” New York and its suburbs are pondering the financial hit to the region from the Repub… https://t.co/rvC3iLSpzg,12/11/17,0.0,0.0,1.0,0.0
@nytimes,"How Much for That Tree? $35 in Harlem, or $135 in SoHo https://t.co/uOAduU3mtP",12/11/17,0.0,0.0,1.0,0.0
@nytimes,"Review: ‘Brooklyn Nutcracker’ Is Simply, Imperfectly Charming https://t.co/OpPFsaUm9M",12/11/17,0.586,0.352,0.648,0.0
@nytimes,Some consumers are finding they can get a better deal on prescription drugs by leaving their insurance cards at home https://t.co/OMQJsLgsln,12/11/17,0.44,0.132,0.868,0.0
@nytimes,Confused by all the news about Russia and the 2016 U.S. presidential election? We are here to help. https://t.co/ucaGhEBfQG,12/11/17,0.103,0.123,0.773,0.105
@nytimes,Take a Number: Two Hidden Cancer Causes: Diabetes and Obesity https://t.co/ywgoXhSJMV,12/11/17,-0.625,0.095,0.584,0.321
@nytimes,"""I want to leave here and live outside with my mother."" An 11-year-old Afghan girl has spent her entire life behind… https://t.co/3dhj5PvlLU",12/11/17,0.026,0.058,0.889,0.053
@nytimes,"RT @nytimesworld: For three years, ISIS ruled Iraq's second-largest city. The battle to drive out the militants left much of Mosul in ruins…",12/11/17,-0.382,0.0,0.894,0.106
@nytimes,RT @NYTFashion: Inside the luxurious living space of Jenna Lyons https://t.co/e5ZDNRMg0m,12/11/17,0.0,0.0,1.0,0.0
@nytimes,He lives in New York. She lives in Sudan. He watched his own wedding celebration through a fuzzy WhatsApp connectio… https://t.co/CHg7oJQFCV,12/11/17,0.0,0.0,1.0,0.0
@nytimes,RT @KirkSemple: A story about the particular challenges for older Venezuelans who are planning to emigrate or have already moved abroad. Wi…,12/11/17,0.077,0.061,0.939,0.0
@nytimes,"RT @NYTmag: Great Performers: In one take, @NicoleKidman switches from frustration to possession to orgasmic experience. https://t.co/wDHRQ…",12/11/17,0.25,0.185,0.676,0.14
@nytimes,RT @NYTmag: Got a race coming up? This trick may help you shave some seconds off — and look photogenic while doing it. https://t.co/E5WiutW…,12/11/17,0.361,0.113,0.837,0.05
@nytimes,"Stretched over a few nights or a weekend, making a gingerbread house is a festive effort — especially with a group… https://t.co/kQMZcQKIe0",12/11/17,0.459,0.167,0.833,0.0
@nytimes,How to Clean Up Your Holiday Messes https://t.co/WjfJ2xz15s,12/11/17,0.66,0.474,0.526,0.0
@nytimes,David Lang’s “symphony for a broken orchestra” makes music from 400 damaged public school instruments https://t.co/Y4P3mwaEQz,12/11/17,-0.718,0.0,0.684,0.316
@nytimes,"RT @nytimesworld: Two Afghan women say they quit Zan TV, Kabul's new ""all women"" station, over sex abuse. Its male owner denies that. https…",12/11/17,-0.791,0.0,0.759,0.241
@nytimes,Op-Ed Contributor: Stop the Manipulation of Democracy Online https://t.co/m1zlbhKyOX,12/11/17,-0.527,0.0,0.614,0.386
@nytimes,"RT @NYTSports: Via @RorySmith: Pep Guardiola got the last word at Old Trafford today: ‘We won,’ he said, ‘because we were better.’ https://…",12/11/17,0.0,0.0,1.0,0.0
@nytimes,RT @NYTHealth: What we learned in 2017 https://t.co/ygJD2rX37T,12/11/17,0.0,0.0,1.0,0.0
@nytimes,"RT @NYTHealth: Despite the progress we’ve made, a doctor with a disability is still an extremely rare sight https://t.co/Y1mZkNS2Dq",12/11/17,0.421,0.149,0.851,0.0
@nytimes,"Some 24 million ""smart speakers"" are expected to sell this year. But how comfortable are we with these machines? https://t.co/VlGqtp18uR",12/11/17,0.718,0.25,0.75,0.0
@nytimes,"RT @nytimesworld: The 9-month battle to drive ISIS out of Iraq's second-largest city left much of it in ruins. Now, Mosul residents are pul…",12/11/17,-0.67,0.0,0.8,0.2
@nytimes,North Korean Submarine Missile Threat Prompts U.S.-Led Military Drills https://t.co/pvxa7YQ84D,12/11/17,-0.527,0.0,0.726,0.274
@nytimes,"RT @nytimesworld: A LOT of Christmas spirit on a Sydney bus. And other tales of Australian transport, in this week's Australia Diary. https…",12/11/17,0.178,0.078,0.922,0.0
@nytimes,"With only hours until the polls open in this unlikeliest of battleground states, Democrats are deploying a sprawlin… https://t.co/gSbRN4jced",12/11/17,-0.402,0.0,0.863,0.137
@nytimes,"RT @NYTNational: “I think, so many accusations, so many cuts, so many drip, drip, drip. When it got to the 14-year-old’s story, that was en…",12/11/17,-0.62,0.0,0.82,0.18
